sec,shot_index,shot_start_t,shot_duration,prev_shot_similarity,is_likely_redundant_cut,is_likely_reused_shot,reused_shot_of_index,sharpness_mean,blockiness_mean,highfreq_ratio_mean,sharpness_mean_pct_change_vs_prev_shot,blockiness_mean_pct_change_vs_prev_shot,highfreq_ratio_mean_pct_change_vs_prev_shot
0,0,0.0,3.412489,,False,False,6,230.3246467404529,1.0142050490659826,0.720662748112398,,,
3,1,3.412489,0.9850479999999999,0.6592254638671875,False,False,2,34.28060691223998,1.0841878354549408,0.49930860102176666,-85.11639661782702,6.900260105528738,-30.715358559938764
4,2,4.397537,2.814424,0.7086458206176758,False,False,4,1041.061413525277,1.0298946329525538,0.680571728519031,2936.881512017698,-5.007730277623415,36.30282497163762
7,3,7.211961,0.6684260000000002,0.5893728137016296,False,False,8,2923.5979132156067,1.055072585741679,0.8424774209658304,180.82857314974547,2.444711525192022,23.789658850378178
7,4,7.880387,2.497801,0.6098045110702515,False,False,2,625.8573782094882,1.0862533052762349,0.7591530630985895,-78.59290515359821,2.955315108736047,-9.890396560624312
10,5,10.378188,1.0905889999999996,0.5424377918243408,False,False,7,1012.4852008962038,1.0939951181411742,0.7373571991920471,61.775707397237525,0.7127078764534217,-2.871076330454303
11,6,11.468777,0.7739670000000007,0.7251271605491638,False,False,0,516.486762773015,1.0842504501342773,0.7968544562657675,-48.988216092852966,-0.8907414526176511,8.068987071518926
12,7,12.242744,1.1257699999999993,0.8167246580123901,False,False,0,843.3313219901951,1.0807403524716694,0.7727170785268148,63.28227222365839,-0.32373495092145915,-3.0290823561514126
13,8,13.368514,11.961301303430078,0.8197331428527832,False,False,3,633.7999335107695,1.0197043982999665,0.7551618984767369,-24.8456784440246,-5.647605739168783,-2.271876801732776
