sec,retention_pct,sharpness_mean,sharpness_min,sharpness_shot_z_min,sharpness_shot_flag_any,highfreq_ratio_mean,highfreq_ratio_shot_z_min,blockiness_mean,blockiness_shot_z_max,blockiness_shot_flag_any,brightness_mean,rms_db_mean,is_silent_any,is_cut_second,is_redundant_cut_second,is_reused_shot_second,is_redundant_dialogue_second,transcript
0,100.0,292.6456996508852,236.7386856853803,0.12020575206305294,False,0.7321927189826966,-0.2089658240599376,1.016011655330658,1.786539880241765,True,34.257489149305556,-17.555490493774414,False,True,False,False,False,It's time for your next
1,100.0,209.84859129842638,166.96276906399194,-1.1874674013711286,False,0.7164551138877868,-1.0590113211578862,1.017873501777649,2.118561069740148,True,35.85327842881944,-20.34031391143799,False,False,False,False,False,adventure.
2,100.0,202.6983221045367,169.17850140957185,-1.1459422757431488,False,0.7168684244155884,-1.5261700217097256,1.0091757893562316,1.2859434229229083,False,37.26294748263889,-23.068622589111328,False,False,False,False,False,I
3,91.5,114.27236107355108,33.13185492830512,-0.7549137216313652,False,0.6032498925924301,-1.0933269423373113,1.0550400018692017,1.3239414141440509,False,88.10590793185764,-21.68252468109131,False,True,False,False,False,have no
4,86.9,33.95889527345728,28.2964713534885,-1.5551556786153333,True,0.44989959597587587,-1.7524643622259999,1.0300443410873412,-0.5197831293483142,False,120.45343098958332,-23.42770481109619,False,True,False,False,False,idea
5,81.0,1138.5557297310688,101.48753000209479,-1.4427668253468118,False,0.725503933429718,-0.921274315133884,1.0416947603225708,1.0547762818429354,False,70.70747222222222,-18.63757610321045,False,False,False,False,False,what I'm gonna do tomorrow.
6,75.8,1461.0203400197806,1410.2151377882487,0.5668556312173177,False,0.7763529777526855,0.5898996628047982,1.034209179878235,0.6769581100605296,False,60.05569249131945,-26.76106071472168,False,False,False,False,False,
7,,2561.8919041380946,1476.773876905558,-1.139861365793863,False,0.8261435478925705,-1.1437420449368771,1.049193412065506,1.1532398965901667,False,83.46033474392361,-22.62545871734619,False,True,False,False,False,
8,67.3,218.9574428380434,218.46842851320903,-1.1323946011958175,False,0.6927576422691345,-1.135778319544513,1.135884404182434,1.2200055167200874,False,50.447741102430555,-24.516329765319824,False,False,False,False,False,How
9,63.4,901.0221676998683,888.5880837017859,0.7302967660012688,False,0.8055697917938233,0.7789682647012324,1.0534443140029908,-0.6886702980062377,False,59.478802734374995,-20.172202110290527,False,False,False,False,False,exciting.
10,60.1,989.4396487787186,955.1945864451361,-1.6688392455270527,True,0.7660455107688904,-1.7508550593180958,1.074208950996399,1.7629731879902093,True,73.13261219618055,-18.96649742126465,False,True,False,False,False,No matter
11,58.2,764.338035763123,514.34851407707,-1.1498366582156059,False,0.7670848518610001,-1.151795868768067,1.0892496407032013,1.146352656386163,False,65.70552490234375,-16.57816982269287,False,True,False,False,False,what anybody
12,56.2,776.3750514199594,517.7263916782791,-1.9636268557730217,True,0.7774356126785278,-1.964727859673379,1.0823203563690185,1.983899256142715,True,95.86799457465278,-16.449944496154785,False,True,False,False,False,"tells you,"
13,49.7,844.8221268755276,711.2402245608566,0.17637816166521691,False,0.797499167919159,0.5714674224173099,1.0427942037582398,0.4977465735379879,False,67.28583919270834,-18.159456253051758,False,True,False,False,False,
14,45.8,588.7465652428116,491.2026200878462,-0.32477992604220307,False,0.7802044510841369,0.17908475790514378,1.0244513750076294,1.0939292279179438,False,43.32241449652778,-16.682722091674805,False,False,False,False,False,
15,43.8,114.2263351175738,109.60613266160281,-1.1939048484500088,False,0.6461141109466553,-2.040476632030747,0.9970451295375824,-0.24742307305576877,False,44.35726155598958,-17.468701362609863,False,False,False,False,False,words
16,43.1,135.73047331710438,112.62439334371942,-1.1870304518882266,False,0.6552256226539612,-2.033812310641748,1.033947491645813,1.2514367415304122,False,43.85744835069445,-15.08300495147705,False,False,False,False,False,and ideas
17,40.5,140.55818486761024,119.75165039010575,-1.1707973969950831,False,0.7020661473274231,-1.8542255369273801,1.0458614110946656,2.784656432740562,True,43.06087065972222,-16.05594825744629,False,False,False,False,False,can change
18,37.3,189.8132048545211,125.69088541560703,-1.1572701834310477,False,0.7476748585700989,-0.6010618057810704,1.0506309986114502,2.4541042658769086,True,42.38406597222222,-15.625371932983398,False,False,False,False,False,the world.
19,34.6,257.2718481106349,221.9846754645348,-0.9379512547661079,False,0.7667234838008881,-0.02196349926129212,1.0059378296136856,0.10326415393154911,False,42.021519097222225,-16.58687686920166,False,False,False,False,False,
20,32.0,957.385548911966,293.97851776347215,-0.7739779356615973,False,0.7912224411964417,0.44763107083278936,1.0118574738502502,0.3073591389576428,False,42.832556206597225,-15.965447902679443,False,False,False,False,False,"Smile,"
21,30.7,1157.0640421924859,1008.614235636392,0.8536778036124661,False,0.7948675274848938,0.5662947501304735,1.0147914648056031,0.6320537467034941,False,43.449501519097225,-13.946986675262451,False,False,False,False,False,my boy.
22,30.1,1111.9406807511573,962.9499329142145,0.7496726964693086,False,0.7917214184999466,0.51668485266946,1.001598373055458,0.9317136353089097,False,42.12552001953125,-16.4233078956604,False,False,False,False,False,
23,28.8,1013.5945085818505,886.9422807725965,0.5765575160452444,False,0.7843317866325379,0.37293683992391125,1.0033308744430542,0.6973490070902478,False,37.786864800347225,-16.436026573181152,False,False,False,False,False,
24,25.5,1022.4307411037771,870.4766773327299,0.5390554247430077,False,0.7914236068725586,0.486753544279225,1.0169183015823364,0.5517673497356109,False,40.516059461805554,-15.085375308990479,False,False,False,False,False,Sunrise.
25,23.5,1004.1529074670108,1004.1529074670108,0.8435166736576244,False,0.7943586111068726,0.7080025546317326,1.0181230306625366,-0.0635349906609165,False,43.18129231770833,-15.576676368713379,False,False,False,False,False,
